,UserStory,Label
0,"i want to have accurate , clear presentation of waitlist and enrollment data",Soft-goal
1,i can catch errors early and store reliable data,Capability
2,i can ensure compliance with the requirements prior to the hearing,Soft-goal
3,i can share information with other staff collaborating on the record,Capability
4,i can have a sense of my company's performance,Soft-goal
5,i have a reason to use the website,Soft-goal
6,"i want to check the status of a transaction ,",Capability
7,i'd like a degree planner that plans against a real class schedule allowing me to finish in 4 years,Soft-goal
8,i want to be able to select the payment desiderata,Capability
9,i want the application to automatically suggest the similar macth with other riders,Capability
10,i want to have accurate and complete data related to ppopcode and ppopcongressionaldistrict,Hard-goal
11,application can be improved or appreciated,Capability
12,"i want to know how many users have previewed a dataset ,",Capability
13,i can maintain accurate ordinance information in the system,Task
14,"i want a dat integration ,",Capability
15,"i want to capture a hearing decision ,",Capability
16,"i want to view the profiles of other members ,",Capability
17,i know how interest in a dataset relates to its actual download numbers,Soft-goal
18,"i can review them for compliance and either approve , or fail or deny the plans and record any conditions , clearances , or corrections needed from the applicant",Capability
19,the riders can apply for the ride with full knowledge of the conditions,Capability
20,i want to pay for the carpooling service in function of the country he is travelling in,Hard-goal
21,i want to specify the major places where i pass by,Capability
22,i can see only what is relevant or meaningful to me,Soft-goal
23,student organizations can find me based on my interests,Capability
24,i can bring the required parties together at a specific date / time to address an issue,Capability
25,i want to create a group in the application,Capability
26,i want to be able to filter my email,Capability
27,i want a better explanation of housing options available to me,Soft-goal
28,i want the flexfields in my submission file to appear in the warning and error files when the only error is a missing required element,Capability
29,"i want to be able to import data from a google spreadsheet ,",Capability
30,i can make sure the appropriate inspector receives the work,Capability
31,"i want to get quick notifications ,",Capability
32,"i want to have a great ui and ux from the sites ,",Soft-goal
33,i don't need to involve a programmer on simple email edits,Soft-goal
34,my data is more easily discoverable,Soft-goal
35,"i want to specify the funding that contributed to the creation of a given dataset ,",Capability
36,i want the information to be able to access the private policy rules of the car pooling systems,Capability
37,i can log in the system with my phone number and a password,Capability
38,my users can understand the interface in their native language,Soft-goal
39,i can preserve the history of draft proffer statements submitted by the applicant,Capability
40,i want to get file f in the correct format,Capability
41,i want one place to go when registering for classes ( including finding class ratings ),Capability
42,"i want to be able to have stepped zoom on map visualisations ,",Capability
43,i can add data to the datastore in bulk from the command line or my own programs,Capability
44,i can see it easily,Capability
45,"i want to be able to get a csv output of any cube - based query ,",Capability
46,i can manage more efficiently,Soft-goal
47,"i want a landing page to navigate to either fabs or dabs pages ,",Capability
48,"i want to be able to get the hours of each recycling facility ,",Capability
49,i want to have all of my financial information in one place,Capability
50,i would like to see how my awards compare to my bills,Capability
51,"i want to be able to manage / integrate my personal budget ,",Task
52,we have flexibility on what to charge in the future,Soft-goal
53,"i can easily see the most relevant , important items",Soft-goal
54,i want to make sure i don't miss any deadlines,Soft-goal
55,"i want to manage inspector workload ,",Task
56,the data quality and completeness improves,Hard-goal
57,"my data is findable , and i can have a data api",Soft-goal
58,"i want to get a data package into node ,",Capability
59,i need one place to look for all my campus announcements / notifications to make sure i don't miss any,Capability
60,i can use it to clean messy data,Soft-goal
61,i can ensure all pre - hearing requirements are satisfied in time for the hearing,Soft-goal
62,i can know for sure my waste is not going to leave a negative ecological footprint,Hard-goal
63,"i want to perform a staff review ,",Task
64,"i want to have a blog that highlights any and all projects in the open fiscal space ,",Capability
65,my ad remains active,Capability
66,i can track the outcome and record the impact on the relevant records,Capability
67,i can more conveniently use the website,Soft-goal
68,"i want to do a full - text search of article body , title , and author name ,",Capability
69,"i want to have articles that interest me and are easy to get to ,",Soft-goal
70,i want to rate a driver and share comments,Capability
71,i want it to be easier to make payments ( not have to convert currency or pay extra wire transfer fees due to frequent bill adjustments ),Soft-goal
72,we can add more features and keep improving the service we provide to them,Capability
73,i want to have ppopzip+4 work the same as the legal entity zip validations,Capability
74,i can process cases the first time,Capability
75,anyone can unsubscribe from the service,Capability
76,"i want to be able to communicate directly with facilities ,",Capability
77,i don't list events i don't really intend to hold,Capability
78,my methodology is transparent and can be rerun by others,Soft-goal
79,"i want to list my upcoming classes in my profile and include a link to a detailed page about each ,",Capability
80,"i want to be able to add or remove recycling facilities' information ,",Capability
81,"i can obtain publicly available information concerning properties , county services , processes and other general information",Capability
82,users can preview the data and be encouraged that this is the correct data for them,Capability
83,others can learn about me and decide if i am the right trainer for them,Soft-goal
84,i can test any nonprod feature in any environment,Task
85,i want to send a message to a driver,Capability
86,i want to be able to view a map display of the public recycling bins around my area,Capability
87,i can get the uploaded file,Capability
88,"i want to be able to edit the model of data i have already imported ,",Capability
89,"i want to map lines in my dataset using geographic data in my dataset ,",Capability
90,i want to subscribe to any drivers or groups,Capability
91,duplicate requests do not cause performance issues,Capability
92,"i want to view user error logs ,",Capability
93,i can cancel a drive,Capability
94,i can read them without visiting the site,Capability
95,i want to login to the platform,Task
96,"i want the data loaded from historical fabs to include the frec derivations ,",Capability
97,"i want to move on to round 2 of homepage edits ,",Capability
98,"i want to have a flexible api using hasc codes for countries , regions and cities ,",Soft-goal
99,i don't miss important ones,Soft-goal
100,"i want to have all data encrypted ,",Capability
101,the payment by sms has been performed,Capability
102,fees can be set without involving a programmer,Capability
103,i want more transparency and communications about getting into a class & wait list rules and processing,Soft-goal
104,site visitors can choose wisely,Soft-goal
105,i can receive notifications for new events as they are posted,Capability
106,i can see if there any i am interested in,Capability
107,"i want an integration with zenodo ,",Capability
108,"i want an spss integration ,",Capability
109,i have an accurate reference for my agency submissions,Soft-goal
110,"i want an app that create proxy data packages for well know and reliable data , sources ,",Capability
111,"i want to review plans ,",Capability
112,i want to add the 00 * * * * * and 00forgn ppopcode cases to the derivation logic,Capability
113,"i want to be able to provide a visualization of data in the data package ,",Capability
114,i want to be able to add a Capability on the dashboard,Capability
115,i want to use the application on my smartphone,Hard-goal
116,i can approve any that need to be approved,Capability
117,i want to search for the available rides using the voice recognition,Capability
118,others can use this information,Soft-goal
119,"i want to access an api from the website ,",Capability
120,i can validate my data upon ingest to the service,Capability
121,"i want the duns validations to accept records whose actiondates are before the current registration date in sam , but after the initial registration date",Capability
122,"i want to leave off the last 4 digits of the zip without an error ,",Capability
123,i want the rider to be satified of myservice,Soft-goal
124,i can see the new files as they come in,Capability
125,"i want to record an internal note ,",Capability
126,users get the most recent information,Soft-goal
127,"i want to set the following dates on a news item : start publishing date , old news date , stop publishing date ,",Capability
128,"i want to mark my profile as private in which case only my name will appear ,",Capability
129,i am more comfortable in using the car pooling service,Soft-goal
130,"i want to click on the address ,",Capability
131,i can better understand the visual logic of the map view,Soft-goal
132,"i want to view lists on the site of all certified scrum masters , practitioners , trainers , and certified scrum product owners",Capability
133,i work with datasets in reference to their contextual constraints,Soft-goal
134,"i want to have accurate information about required , breadth & major requirements ,",Capability
135,"i want to be able to normalise measures by population ,",Capability
136,"i want to read faqs ,",Capability
137,jobs that may have been filled aren't still listed when the hiring party forgets to come back and delete the ad,Capability
138,"i want to see new content when i come to the site ,",Capability
139,"i want an elasticsearch integration ,",Capability
140,"i want to make my logo randomly appear on the home page ,",Capability
141,the rider knows about it and can search for another possibility,Task
142,"i want to do a full - text search of the faqs ,",Capability
143,others know my certifications when reading,Soft-goal
144,"i want to manage plan reviewer workload ,",Task
145,i want to know or view the driver's profile as well as the other rider's,Capability
146,i'd like to be able to bookmark class sites that aren't automatically included ( piazza ) in calcentral,Capability
147,i can attract candidates,Soft-goal
148,"i want to get a data package into julia in seconds ,",Capability
149,"i want to perform a completeness review ,",Task
150,i am up to day without having to visit the site,Soft-goal
151,"i want to create an other course or event i am charged a listing fee for that activity ,",Capability
152,"i want to join the scrum alliance by paying a corporate membership fee ,",Capability
153,i can troubleshoot issues with particular submissions and functions,Task
154,i want to be able to view the safe disposal events currently being organised around my area,Capability
155,i know i can pay my bills,Capability
156,"i want to be able to receive tempting rewards ,",Capability
157,my dataset is more readable,Soft-goal
158,"i want to schedule a meeting ,",Task
159,"i want to evaluate consistency with the comprehensive plan ,",Task
160,"i am only looking at data that is relevant to me ( because i'm an international student , do not show financial aid information )",Soft-goal
161,it's no longer listed if i cancel for some reason,Capability
162,i can monitor and effectively adjust workload as necessary and ensure service levels are met,Task
163,they register and there's a benefit to my membership,Task
164,i want to have access to the full information of all employees working for this business,Capability
165,"i want to prepare for and support hearing execution ,",Task
166,they can be considered for publication,Hard-goal
167,"i want to be able to add a dataset in a hidden state ,",Capability
168,i can provide the latest information about the recycling center,Capability
169,"i want the header information box to show updated date and time ,",Capability
170,i know what to test and what want s to be fixed,Soft-goal
171,i can easily create a bill statement,Capability
172,"i want to add an article to the site ,",Capability
173,i can successfully update the transactional parcel pin to reference the gis layer where the split or merged parcel pin exists,Capability
174,i can know how to fix it,Soft-goal
175,"i can access , analyze and/or export the needed information in the format i requested",Capability
176,"i can obtain all associated current and historic owners , permits , and applications",Capability
177,i can prevent progression through the workflow or other actions in the system until the issue is resolved,Capability
178,"i want to have a view on all datasets published by all users ,",Capability
179,i can submit my financial assistance data,Capability
180,i can provide my analysis and show my work to users of the data,Task
181,i can read them,Capability
182,i can effectively planning my academic career,Task
183,i can register to the service,Task
184,i can use work with tools that read csv,Capability
185,"i want to specify the conditions of the ride ( price , size of bags , pets allowed or not , disposed to talk or not )",Capability
186,i can customize the visualisations,Capability
187,"i want to design a database that will contain the information coming from voice , sms and an android application to propose and book rides",Task
188,i'd like to see my cal1card balance,Capability
189,"i want to set the listing fee per other course or event ,",Capability
190,i can view in real - time how many users have visited my recycling center information and their recyclable waste,Capability
191,"i want to assign an application for detailed review ,",Capability
192,i can import datasets without downloading them locally,Capability
193,others see the company's support of scrum,Capability
194,i can remove things that will no longer occur,Capability
195,i can have better control over the navigation experience inside a map view,Soft-goal
196,"i'd like to see events and Capability for a month at a time ,",Capability
197,"i want to know as soon as i visit what on earth scrum is and why it needs an alliance ,",Soft-goal
198,i can learn from them or use them,Task
199,"i want a tool to create an embeddable data summary via iframe ,",Capability
200,i can integrate data - packaged data with pipelines that use dat,Capability
201,"i can ensure all plan review tasks are completed , results have been sent to the applicant and any downstream steps are initiated such has a final review or payment for permit issuance",Hard-goal
202,i can submit my data efficiently,Capability
203,i can know what ui improvements we will follow through on,Soft-goal
204,"i want to manage hearing calendars ,",Task
205,i choose a course from an appropriate trainer,Capability
206,i'd like a map and walking directions for the campus,Capability
207,"i want to edit any site member profile ,",Capability
208,"i want to process the appeals ,",Capability
209,i can understand localised amounts in non - localised figures,Soft-goal
210,i want to access two additional fields from the fpds data pull,Capability
211,"i want to see a trainer's rating ,",Capability
212,"i can provide my information , plans and/or documents to initiate a transaction with the county",Capability
213,"i would like to create a web socket protocol for frictionless data tools ,",Capability
214,"i want to be able to normalise measures by geographical area ,",Capability
215,i don't want to see nasa grants displayed as contracts,Capability
216,"i want to request inspection ,",Capability
217,"i want to update the recycling center information ,",Capability
218,i want to get access to the details of a ride,Capability
219,my ratings are accurate,Hard-goal
220,i want to see updated financial assistance data daily,Capability
221,i can find guidance in creating my own with open spending,Capability
222,i can quickly find what i am looking for,Soft-goal
223,i want to arrange the list of the driver that i search,Capability
224,"i want to create an other course or event that is not charged a listing fee ,",Capability
225,i know about recycling centers near me before creating an account,Hard-goal
226,"i want the d1 file generation to be synced with the fpds data load ,",Capability
227,i want to generate and validate d files from fabs and fpds data,Capability
228,"i want to add donation centers as favorites on my profile ,",Capability
229,i want to assign role to myself,Capability
230,i want to register to the capooling service,Task
231,"i want to be able to translate the data types hierarchies of the viewer while in embed mode ,",Capability
232,"i want to understand the ways in which my data is invalid ,",Soft-goal
233,i can avoid any miscommunication with users,Soft-goal
234,i can integrate data - packaged data with pipelines that use dspace,Capability
235,"i want to subscribe to an rss feed of news ,",Capability
236,i can access both sides of the site,Capability
237,"i want to add general country names to my dataset that only contains country codes ,",Capability
238,"i want to make it easy to assess the quality of data stored by the government ,",Soft-goal
239,i want to be great when i access the car pooling service,Soft-goal
240,i can finish articles that appeal to me,Capability
241,others can read them,Soft-goal
242,"i want to choose a flexible pick up time ,",Capability
243,the best content is featured most prominently,Soft-goal
244,i want to share my interests,Capability
245,i can provide richer context in those communication channels for data i am sharing,Soft-goal
246,i would like to be able to easily ascertain what an email is about ( good subject line & table of contents ),Capability
247,i can validate customer compliance with code and regulations and provide results of the inspection to the customer,Capability
248,i'd like to check off and see my completed Capability,Capability
249,i know the potential timeline of the ui improvements wanted,Soft-goal
250,i can ensure plans have been assigned to the appropriate plan reviewer,Capability
251,i can benefit from the wide array of tools available for data packages,Soft-goal
252,"i want to customize an existing wizard for my specific type of data ,",Capability
253,"i want to subscribe to an rss feed of jobs available ,",Capability
254,i don't have to regenerate a file if no data has been updated,Capability
255,"i want to be emailed whenever a job is submitted ,",Capability
256,i want to ensure that deleted fsrs records are not included in submissions,Capability
257,i want fpds data to be up - to - date daily,Capability
258,i want to send a confirmation sms,Capability
259,"i want to have consistent use of colour on map visualisations ,",Soft-goal
260,"i want to edit the content of the email automatically sent to new certified scrum masters and product owners ,",Capability
261,i want to ensure i don't overlook important emails,Soft-goal
262,i can load all fpds data since 2007,Capability
263,i have the appropriate information for my application,Soft-goal
264,i can contact to the driver,Capability
265,i want to map the federalactionobligation properly to the atom feed,Capability
266,i can store my data in plaintext while still retaining its metadata,Capability
267,"i would like an integration with open refine ,",Capability
268,i can offer functionality based on dataset publisher privileges,Task
269,i can use it to apply to form control that uses a core dataset for autocompletion,Hard-goal
270,i can integrate data - packaged data with pipelines that use mongo,Capability
271,i want to ensure that fabs is deriving fields properly through a robust test file plus a follow up check,Capability
272,"i want to be able to use metadata to get results from multiple datasets ,",Capability
273,i can ensure compliance with and satisfaction of the proffer in the future,Soft-goal
274,"i want to have a view on all the datasets i have published ,",Capability
275,i want to be confident that the data coming from sam is complete,Hard-goal
276,i want to pay by credit card,Capability
277,i want to order a ride,Capability
278,i know when the status of the submission has changed,Hard-goal
279,i can show the company's support of scrum,Capability
280,"i want to know as i glance around the home page what on earth a csm is and why i'd want to be one ,",Capability
281,"i want feather integration ,",Capability
282,"i want to view all locations of recycling centers on a map ,",Capability
283,"i want to manage ordinances ,",Task
284,i can be guided through the neighbourhood,Soft-goal
285,such can be shared more easily and contribute to a visualisation gallery,Soft-goal
286,"i want to request a plan review meeting ,",Capability
287,"i want to be able to delete a dataset i have published ,",Capability
288,i can share them with others or include them in the data package,Capability
289,i would like a tool to check data availability persistence after publication,Capability
290,i can customise the branding for my own needs,Capability
291,"i want to assign priority numbers to news items ,",Capability
292,i can learn without first joining the site,Task
293,"i want to add type information to my data ,",Capability
294,i don't want to have to log in ; i want a responsive system that notifies me when i have a message or a payment is received,Capability
295,i can satisfy an applicant's request for service that has proven to be eligible and in compliance with the zoning ordinance,Capability
296,i want to connect with students who have the same major or same interests as me,Capability
297,"i want to schedule user testing ,",Task
298,i don't want to have to filter through ads to get to important content,Capability
299,"i want to get a data package into excel in seconds ,",Capability
300,i can earn that designation,Soft-goal
301,"i want to have an app where i can find examples of use of fiscal data visualisations ,",Soft-goal
302,"i want to view users' stats ,",Capability
303,my dataset is more useful,Soft-goal
304,i can successfully change information on an application,Capability
305,i can integrate data - packaged data with pipelines that use eprints,Capability
306,i can have a sense of what people are doing on our sites and know the service status,Soft-goal
307,i want to login,Task
308,"i want to be able to extend an ad for another 30 days by visiting the site and updating the posting ,",Capability
309,"i want   to help create content mockups ,",Capability
310,i want to submit records for individual recipients without receiving a duns error,Capability
311,i can schedule and assign the inspection,Task
312,prospective attendees can find my courses,Capability
313,i can access to the history of rides i gave,Capability
314,the riders can understand my itinary and can apply to part of my itinary,Soft-goal
315,i can maximize those opportunities,Soft-goal
316,i want to register to the service,Task
317,"i want to move on to round 2 of dabs or fabs landing page edits ,",Capability
318,i can listen to it again,Capability
319,i can integrate data - packaged data with pipelines that use spss,Capability
320,"i want to assign plans for review ,",Capability
321,i am most likely to read the most important or best content,Soft-goal
322,"i want validate my data with a minimum of clicks ,",Capability
323,"i want to upload my week's schedule ,",Capability
324,i want to offer the ride,Task
325,"i want to see a list of the most popular items on the site ,",Capability
326,"i want to download presentations , pdfs , etc on scrum ,",Capability
327,"i want to know if my csv file is valid ,",Capability
328,we can work together,Soft-goal
329,i want to be able to keep track of which emails are important to come back to,Capability
330,"i want to be able to block specific users based on ip address ,",Capability
331,i can complete my submissions,Capability
332,i can embed data summaries across sites,Capability
333,i can brand it to my own organisation's color scheme,Capability
334,i want to add useful metadata or add in new data columns to make the dataset more useful,Capability
335,i'd like to be able to post to multiple places at once ( calcentral & facebook ),Capability
336,i want to feel connected to the campus,Soft-goal
337,i want to view and pay my university bills in one place,Capability
338,"i want to know that my data conforms to its data package profile ,",Soft-goal
339,"i want to be able to read users' feedback and complaints ,",Capability
340,i can easily find a good living situation,Soft-goal
341,i can have appropriate context for understanding them,Soft-goal
342,"i want to embed an interactive preview of my data on my site ,",Capability
343,"i want to be able to share an image of a particular view state to the social networks that support this ,",Capability
344,i want the riders to pay by credit card,Capability
345,i want to be able to view a map display of the special waste drop off sites around my area,Capability
346,"i want to receive a reminder and a link ,",Capability
347,no one can learn things about me i don't want shared,Soft-goal
348,i can claim that we are living up to our transparency commitments,Capability
349,i need to filter out email that isn't important to me,Capability
350,"i want to be able to share information about important dates , deadlines & events with my friends",Capability
351,"i want to be able to normalise measures by gini and related socioeconomic indexes ,",Capability
352,i can start using the data in doing analysis and visualizations,Task
353,"i want to view user documentation for the website ,",Capability
354,"i want to be able to reference a remote - controlled vocabulary for my dataset ,",Capability
355,i want to receive updates to fabs records,Capability
356,"i want to see the results for each trainer and averages for the class ,",Capability
357,i can correctly classify anything that was entered incorrectly,Soft-goal
358,"i want an online service that is connected to my data repository that validates data on update ,",Capability
359,"i want to be informed about campus events that are of interest to me ,",Capability
360,i can integrate it and implement certain features in my own ios application,Capability
361,the information in the database is correct,Hard-goal
362,"i want a tool that can generate basic statistics about a dataset ,",Capability
363,during discovery i don't miss anything,Soft-goal
364,"i want to conduct inspections ,",Task
365,i can use the best tool for the job,Soft-goal
366,i can choose the one i prefer,Capability
367,i want to pay for the car pooling service in function of the country he is travelling in,Hard-goal
368,"i want to see textual descriptions that accompany embedded visualisations ,",Capability
369,i have visibility,Soft-goal
370,"i want to be able to anonymously view public information ,",Capability
371,"i want to move on to round 2 of the help page edits ,",Capability
372,i want my events and Capability ( assignments ) automatically provided and prominently displayed,Capability
373,"i want to send a formal response to applicant ,",Capability
374,"i want to access published fabs files ,",Capability
375,i can relate to as the central hub of fiscal openness,Soft-goal
376,"i want to be able to get bordering regions|cities when i query a region|city ,",Capability
377,only trainers see it,Soft-goal
378,it matches the new broker design styles,Hard-goal
379,i can work on a dataset before having it discoverable via openspending user interfaces,Capability
380,my cst status is active,Capability
381,"i want to resubmit plans ,",Capability
382,students could find clubs they are interested in,Capability
383,"i want the language on fabs pages to be appropriate for me ,",Capability
384,"i want to be able to provide the platform administrator with additional geojson sources ,",Capability
385,i want to select the ride characteristics,Capability
386,i want to easily see when i have to pay my bill and how much i owe,Soft-goal
387,"i want to be able to update my information and the type of material i accept ,",Capability
388,i can get validation results back in a reasonable amount of time,Capability
389,i can finish it,Capability
390,"i want to quickly access broker application data ,",Capability
391,i know i am in the right place,Soft-goal
392,i will not suffer from identity theft or telephone harassment,Soft-goal
393,i can load high quality data using data package tooling,Capability
394,excel won't strip off leading and trailing zeroes,Hard-goal
395,"i do not want   dabs banner messages and vice versa ,",Capability
396,i can complete my required review of a plan set and/or application,Task
397,i can give the testers advanced notice to ensure buy - in,Capability
398,i can justify padding,Task
399,i want one source to go to to see all my assignments,Capability
400,i can perform management actions on my own datasets,Task
401,"i can easily import them into my ml platform , so that i can start using the data in doing analysis",Capability
402,i can easily design my website,Task
403,"i want to include additional details about me in my profile page ,",Capability
404,"i want to track the issues that come up in tech thursday ,",Capability
405,i want to ensure that attempts to correct or delete non - existent records don't create new published data,Capability
406,"i want to be able to get a relative percentage of a measure to the total of the dataset it comes from ,",Capability
407,"i want to have my dataset update automatically as the source file / files changes ,",Capability
408,my agency codes are correct in the publishedawardfinancialassistance table,Hard-goal
409,i can give my users a great user experience,Soft-goal
410,i can provide maps that match the query,Capability
411,i want to access the raw agency published files from fabs via usaspending,Capability
412,"i want to reset the environment to only take staging max permissions ,",Capability
413,i can share data that i have found with others,Capability
414,the scrum alliance can share information with me easily,Capability
415,i could hop on real quick,Soft-goal
416,"i want to access old news that is no longer on the home page ,",Capability
417,"i want to be able to use data to get results from multiple datasets ,",Capability
418,i want to see a plan of what classes are planned for the upcoming 3 - 4 years,Capability
419,"i want to maintain a faq section ,",Capability
420,i remain sufficiently and easily informed,Soft-goal
421,i want access to my data even when i'm not online,Capability
422,"i want to update any course or event ,",Capability
423,i can enforce the system,Soft-goal
424,"i want to view all classes in a pending state ,",Capability
425,i want historical fpds data loaded,Capability
426,"i can understand where the provisioning of my service is in the process , such as information related to service levels , fees , plan review , permit , or inspection results",Soft-goal
427,"i want to prevent users from double publishing fabs submissions after refreshing ,",Capability
428,i need to schedule meetings with other students,Task
429,i can correct problems for members,Hard-goal
430,"i want to be able to change the colors of the embedded visualisations in my own platform ,",Capability
431,"i want to send or post citations and fines ,",Capability
432,i want to have links to my disparate class websites ( including piazza and edx ) collected in one place,Capability
433,i can prevent spamming on the websites,Capability
434,"i want to have pretty good control over how the article ,",Soft-goal
435,"i want to move on to round 3 of the help page edits ,",Capability
436,"i want to embed a preview button on my site ,",Capability
437,"i want to be able to download an image ofa particular view state ,",Capability
438,i can get approvals from leadership,Hard-goal
439,i can develop an awesome and beautiful features website,Soft-goal
440,i can save money,Hard-goal
441,"i want an app that acts as a match - making service for packaging data ,",Capability
442,"i want to write an article for the site with a small graphic shown with the article showing my csp or cst status ,",Capability
443,i'm not confused with the amounts,Soft-goal
444,"i want to be able to dynamically request polygons based on the query made ,",Capability
445,"i want to have updated error codes that accurately reflect the logic and provide enough information ,",Capability
446,"i want to use a command line tool that allows met to validate data ,",Capability
447,"i want to store my data package in github and have it automatically stored into ckan ,",Capability
448,i do not have to convert data formats in order to use the data packager,Hard-goal
449,"i want to submit application ,",Capability
450,"i want to fill out an application to become a certified scrum trainer ,",Capability
451,i want to have the system email me a new password or a password reminder since i have short - term memory problems,Capability
452,i can have consistent frec data for,Hard-goal
453,i want to have a secured way of payment,Capability
454,i want to have personalized financial data,Capability
455,i can use data packages in workflows that involve ms - sql,Capability
456,"i want to see a list of all upcoming certification courses and can page through them if there are a lot ,",Capability
457,"i can record work in process , outcome , and location - based information related to the plan(s )",Capability
458,"i want to read a new article on the front page about once a week ,",Capability
459,"i want to set start publishing dates , old article date , and stop publishing dates for articles ,",Capability
460,"i want to see correct status labels on the submission dashboard ,",Capability
461,i want to determine how agencies will generate and validate d files from fabs and fpds data,Task
462,i can quickly see my submission history,Capability
463,"i want to be able to hide any dataset already added as public ,",Capability
464,i can integrate data - packaged data with pipelines that use hdf5,Capability
465,"i want to link the sample file on the "" what you want   to submit "" dialog to point to the correct file ,",Capability
466,"we would like to have a shared space to post flyers , to promote events",Capability
467,"i like to keep my personal , work / club and course email separate",Capability
468,"i want to describe myself on my own page in a semi - structured way ,",Capability
469,i can create my own profile,Capability
470,i can easily use data packages with additional data analysis tools,Soft-goal
471,i want to find volunteer opportunities,Capability
472,"i want to have my name listed in the registry without becoming a member of the site ,",Capability
473,"i want to apply a hold ,",Capability
474,i know how to use the web app,Soft-goal
475,i want to have access to a usable service following the standard,Capability
476,i can maintain public / hidden status for other users,Capability
477,i don't bounce immediately oï¬€ the page,Soft-goal
478,"i want to get a data package into c++ in seconds ,",Capability
479,"i want to edit and delete help wanted ads ,",Capability
480,i come to the site for my agile news and learning,Capability
481,"i want to view a course i can click on the trainer's name and be taken to the trainer's profile ,",Capability
482,"i want to be able to normalise measures by gdp ,",Capability
483,i want to have the 12 - 19 - 2017 deletions processed,Capability
484,"i want to search the ride by source , destination , date and time",Capability
485,i want to upload and validate the error message to have accurate text,Capability
486,"i want to copy one of my courses or events ,",Capability
487,"i want to load an excel file into the site ,",Capability
488,others can learn about me,Soft-goal
489,i can integrate data - packaged data with pipelines that use feather,Capability
490,i can make sure i know all that i need to do,Soft-goal
491,i can start using the data for doing analysis and visualizations,Task
492,i want the historical fpds data loader to include both extracted historical data and fpds feed data,Capability
493,i could be the driver or rider,Hard-goal
494,i want to be sent an email welcoming me to the scrum alliance and with instructions to register or activate my membership once my name has been loaded to the registry,Capability
495,users can be encouraged that this is the correct data for them,Soft-goal
496,i want to be able to access the site and do all the other stuffs on all of my electronic devices,Task
497,"i want an dspace integration ,",Capability
498,"i want to create the content of the what is scrum section ,",Capability
499,my departure place is specified by default,Capability
500,employers or others can verify my certification,Soft-goal
501,"i want to be able to give my email id ,",Capability
502,i need a place to see everything i need to do today,Capability
503,i need to figure out what email is important to me ( one suggestion : good subject lines ),Capability
504,i want to rate my journey or trip,Capability
505,i can publish and distribute the report according to business rules,Task
506,i want to see the top destination,Capability
507,"i want to be assured that no one can submit the same answers multiple time and skew my results ,",Capability
508,i stay current on agile news,Soft-goal
509,"i want to be able to import data from fiscal data package descriptor file ,",Capability
510,"i want to successfully conduct a plan review meeting with the applicant and record the outcome ,",Capability
511,i can determine which ones i should consider,Capability
512,i don't get lost navigating,Soft-goal
513,"i want to accurately see who created a submission ,",Capability
514,"i want to be able to understand if a user is an administrator ,",Soft-goal
515,"i want to search for property information ,",Task
516,"i need to be notified when geospatial attributes change ,",Capability
517,"i want to update one of my existing courses or events ,",Capability
518,"i want to track the completion of required plan reviews ,",Capability
519,i can receive any posted bond and/or obtain occupancy,Capability
520,i want to be sure that usaspending only send grant records to my system,Soft-goal
521,i'd like to see how much i owe on my ucb bill,Capability
522,i can go extend the ad,Capability
523,"i want to pay fee ,",Task
524,i can perform management actions on any dataset,Task
525,i can investigate issues,Task
526,"i want d files generation requests to be managed and cached ,",Task
527,"i want to subscribe to an rss feed of upcoming courses and events ,",Capability
528,site visitors can decide if they want to read the rest,Soft-goal
529,i get a data api and my dataset is listed in a relevant catalog,Capability
530,i want to provide fabs groups that function under the frec paradigm,Capability
531,i can arrange drop - offs on my off days or during after - work hours,Capability
532,i can get a temporary password in case i forget my own one,Capability
533,"i want to scroll through a listing of jobs ,",Capability
534,i can satisfy communication and records responsibilities,Soft-goal
535,i want to receive notification of grades when they are posted,Capability
536,"i want to determine the best way to load historical fpds data ,",Capability
537,i want to see information from callisto & the career center when thinking about getting a job,Capability
538,i can track hearing - related activities and due dates,Capability
539,"i want to remove a hold ,",Capability
540,no one can contact me,Soft-goal
541,"i want to be emailed a reminder seven day before an ad is about to expire ,",Capability
542,"i want to clearly understand notifications and how they are difference from other calendar - related items such as assignments ,",Soft-goal
543,i want to update the broker validation rule table to account for the rule updates in db-2213,Capability
544,"i want to connect with people who have similar interests , possibly by sharing my interests",Capability
545,there is a benefit to being a member,Soft-goal
546,i am aware of it and can decide if i want to post it,Capability
547,owners are paired with data packagers,Capability
548,i can be totally on top of my progress,Capability
549,i can get recommendations for recycling centers that best fit my availability,Capability
550,"i want to report to the agencies about user testing ,",Capability
551,"i want a portable , accessible way to keep track of what i need to do",Soft-goal
552,i can correct small problems or make sure each ad complies with site guidelines,Capability
553,i can find a suitable customer,Capability
554,i want to suggest the mood of mind,Capability
555,important information will not be stolen during a server breach or an attack,Soft-goal
556,i want to be able to keep separate my personal ( and club ) tasks from my work ( academic ) tasks,Soft-goal
557,i can access things i remember from the past or that others mention to me,Capability
558,"i want to be able to import data in excel ,",Capability
559,i can keep them updated about features we have on our website,Soft-goal
560,i come back more often,Soft-goal
561,"i want an integration with ,",Capability
562,"i want to reply to user questions ,",Capability
563,i can present the application to the appropriate governing body within the timelines dictated by the relevant county rules and procedures,Task
564,"i want to satisfy hearing requirements ,",Soft-goal
565,i can identify the neighbourhoods with the largest number of drop - offs and to try getting more facilities involved,Capability
566,i want to see the map of the destination,Capability
567,"i want to visualize by default in treemap , bubble tree , map and pivot table the most recent year when my dataset contain multiple years ,",Capability
568,"i want to be able to customize features and content ,",Capability
569,"i want to send an email to any member via a form ,",Capability
570,i can receive a response to a request for a meeting or information that is a result of the preapplication assistance,Capability
571,"i want to be able to change the display of all monetary measures across a set of currencies ,",Capability
572,i would like help setting a budget,Capability
573,i want more information about how many rows will be published prior to deciding whether to publish,Soft-goal
574,"i could view the latest information concerning the driver , destination , time , available seats",Capability
575,i want the fabs validation rules to accept zero and blank for loan records,Capability
576,"i want to derive fundingagencycode ,",Task
577,"i want to stop publishing jobs on the site 30 days after being posted ,",Capability
578,i want to consult the experience of the driver,Capability
579,"i want to create a user testing summary from the ui sme ,",Capability
580,"i would like access to "" deals "" from local food vendors",Capability
581,i can capture my response to the request in the system and also send a communication from the system to the applicant,Capability
582,i want to move people in a trainer's class from a pending state to the registry once i have received proof of payment from the trainer,Capability
583,i can find the relevant service and/or application type to initiate via the online portal,Capability
584,"i want to be able to select different types of recyclable waste , so i have and get a list of facilities that accept each type and their opening hours ,",Capability
585,i can accommodate different types of content,Task
586,i want to be notified that a candidate rider applied for one of my rides,Capability
587,"i want to submit my application in the android market , and implement the sms service and the voice service",Capability
588,i can correct or enhance existing data,Capability
589,i can learn that quickly,Task
590,i need a back - up plan for viewing my calendar & Capability if electronics fail,Capability
591,i can easily finish the article,Capability
592,i can read more about a trainer before registering for a course,Capability
593,the course participants are added to the scrum alliance records,Capability
594,i can view dabs pages without wanting two sets of permissions,Capability
595,i can create a new one,Capability
596,"i want to design an audit from the ui sme ,",Task
597,i want to make some updates to the sql codes for clarity,Capability
598,"i want a mongo integration ,",Capability
599,i can choose the best course for me,Capability
600,i can get quick answers,Capability
601,i can better manage submissions and ig requests,Task
602,i want to use the schema headers in my fabs file,Capability
603,"i want to have an advanced search option that lets me fill in a form of search criteria ,",Capability
604,"i want to display my logo on a corporate sponsors page ,",Capability
605,i can cancel a ride,Capability
606,i need to schedule events in an efficient manner,Task
607,i can create community & connection,Capability
608,"i want to post comments about articles ,",Capability
609,i want to have access to a help section,Capability
610,i want to book a ride when it is aviable,Task
611,"i want to search for profiles based on a few fields ,",Capability
612,i want to confirm the proposal,Capability
613,"i want to onboard recycling centers on the platform ,",Capability
614,i can grant the request to the applicant to begin work,Capability
615,"i want the historical fabs loader to derive fields ,",Capability
616,i can meet with the plan review staff regarding the plan review,Capability
617,"i want to have a functioning python client ,",Capability
618,"i want to modify my application ,",Capability
619,site visitors can see it,Capability
620,i can share the seat to the rider,Capability
621,i want the maximum length allowed for legalentityaddressline3 to match schema,Capability
622,i'd like campus applications to work on my phone,Hard-goal
623,i want to read the entire article,Capability
624,i want to be informed of academic calendar deadlines,Capability
625,we're sure of the quality of jobs being listed,Soft-goal
626,i want to have the news feed from the application,Capability
627,i can give feedback or ask for help,Task
628,openspending always shows current data,Capability
629,i can fix or review any issues that are being faced by users of the system,Task
630,"i would like to package ml datasets as data packages ,",Capability
631,"i want to assign a hearing date ,",Task
632,visitors are incentivized to become members,Soft-goal
633,"i want to be able to create an acocunt ,",Capability
634,it's there for visitors,Capability
635,i can know clearly about the driver,Soft-goal
636,i want to be able to find important emails even when i'm offline,Capability
637,"i want to attend some ui / ux lessons ,",Capability
638,i can successfully send the notice of violation document to the property owner and log information about the action,Capability
639,"i want to be able to indicate whether an article is publicly available or for members only ,",Capability
640,i know how much money i have,Capability
641,"i want to be able to change some of the styling of the embedded viewer in my own platform ,",Capability
642,i know when the submission starts and ends,Capability
643,"i want to be able to log better ,",Soft-goal
644,i can feel trust in the validity and usefulness of the data,Soft-goal
645,"i want to get a data package into stata in seconds ,",Capability
646,"i want to create each condo unit ,",Capability
647,"i want to design a schedule from the ui sme ,",Task
648,"i want to be able to read some of your articles ,",Capability
649,"i want to have accurate , clear presentation of add / drop dates & processes",Soft-goal
650,"i want to create a custom query / report outside of the common querying / reporting functionality ,",Capability
651,i'd like to see my ucb bills & awards in the context of my personal budget,Capability
652,"i want to handle all users' activities ,",Task
653,"i want to be able to translate my eml dataset to a data package ,",Capability
654,"i want an eprints integration ,",Capability
655,i can track and manage bonds throughout the lifecycle of the project until release,Task
656,i can fix my mistakes or have a dataset primarily for my own use,Capability
657,"i want to make sure the historical data includes all necessary columns ,",Hard-goal
658,"i want to access the route planning system during work ,",Capability
659,i want my Capability to disappear ( from the a&t graphic ) after i've completed them,Capability
660,"i want my domain models to be indexed properly ,",Capability
661,"i want to get a data package into python in seconds ,",Capability
662,"i want to download the latest training material and methodology pdfs ,",Capability
663,i am not confused,Soft-goal
664,"i want to get a data package into r in seconds ,",Capability
665,i can visualise it on a map,Capability
666,i can get where i need to be on time,Hard-goal
667,i can indicate which articles i want featured most prominently on the site,Capability
668,"i want to conduct and track plan amendments and planning studies ,",Task
669,"i want to be notified about the results of surveys about my classes ,",Capability
670,"i want to be able to hide a dataset that i have already added as public ,",Capability
671,"i want an app that generates an openrefine reconciliation api endpoint from a tabular data package ,",Capability
672,"i want to be able to edit the data source of data i have already imported ,",Capability
673,"i want to be able to save new visualizations ,",Capability
674,i can validate compliance of an application with the zoning ordinance and impact approval / denial of the application accordingly,Capability
675,i want all historical financial assistance data loaded for fabs go - live,Capability
676,i can give them additional exposure,Soft-goal
677,"i want to be able to designate whether or not an ever makes the home page ,",Capability
678,i want the fabs validation rules to accept zero and blank for non - loan records,Capability
679,i can keep the database up - to - date over time,Hard-goal
680,i want to comment on the ride and its driver,Capability
681,there are no duplicates,Hard-goal
682,"funding agencies can identify the funding , source for a given dataset",Capability
683,my dataset is more engaging for non - technical users,Soft-goal
684,"i want to have the packager support constants ,",Capability
685,"i want to one place to easily find clubs that are relevant to my interests , academic pursuits and career goals",Capability
686,i can ask questions about her / his ride,Capability
687,i want to see the time that the driver left,Capability
688,i can log on to the customer portal and perform transactions that first require user authentication,Capability
689,"i can deal with takedown requests , or clean up test datasets",Capability
690,i can integrate data - packaged data with pipelines that use elasticsearch,Capability
691,"i want to issue the zoning - related permits ,",Capability
692,they fix them,Task
693,i can not click it multiple times for the same submission,Capability
694,i can review the for compliance and subsequently approved or denied,Capability
695,i want to contact to the driver,Capability
696,i want to personalize news feeds ( daily cal instead of campus news ),Capability
697,i can more easily understand what i am viewing,Soft-goal
698,i want new relic to provide useful data across all applications,Soft-goal
699,"i want to include additional details in my profile page about me ,",Capability
700,i can meet service level and quality requirements,Soft-goal
701,i know the potential scope of the ui improvements want ed,Soft-goal
702,"i want to turn a course into an event or an event into a course ,",Capability
703,"i want to manage affidavits ,",Task
704,"i want to get a data package into clojure in seconds ,",Capability
705,"i want to be able to get a set of monetary measures transferred to different currencies ,",Capability
706,"i want to have my personal information kept securely in the database of the website ,",Capability
707,i can focus on what is most relevant ( finding a job ),Soft-goal
708,"i want to get a data package into spss in seconds ,",Capability
709,i can go from a to b,Hard-goal
710,i can have access to rides from a to b,Capability
711,i have a pleasant experience when navigating through them,Soft-goal
712,"i want to delete one of my courses or events ,",Capability
713,"i want to update the gis property management ,",Capability
714,"i want to begin user testing ,",Task
715,i can remove unwanted data from openspending,Capability
716,i can offer the seat,Task
717,i can use the data in other tools,Capability
718,i can benefit from better tooling and standardization,Soft-goal
719,i can pay by sms,Capability
720,"i want to research requirements and to select a service ,",Task
721,"i would like to be able to easily see how much my assignments count towards my grade , and would like to see my grades in the context of the syllabus",Capability
722,i want to synch my ical with the google calendar on my phone,Capability
723,i want to have up to date information when planning my schedule ( pain point : isn't always correct ),Capability
724,"i want to email news items to the editor ,",Capability
725,"i want to be able to browse through the list of facolities and see which ones are environment - friendly ,",Capability
726,i want to submit a citywide as a ppopzip and pass validations,Capability
727,"i want to issue a development - related permit ,",Capability
728,i want to denote an application with a final action status,Capability
729,i could have any interest for that location,Soft-goal
730,i can showcase my experience,Task
731,i can offer functionality based on platform administration privileges,Task
732,i read more,Soft-goal
733,"i want to know what my data needs to be able to be visualised on a map ,",Capability
734,"i want to assign inspections ,",Capability
735,i can delegate data validation to a third party,Capability
736,"i want to track the draft proffers ,",Capability
737,articles appear only during appropriate periods,Capability
738,i can decide if i want to attend any,Capability
739,i want to know the information of the rider,Capability
740,the other riders can see my opinion,Capability
741,the site has plenty of content,Soft-goal
742,i want to manage my mealpoints on,Task
743,only applicants who qualify can become csps or csts,Capability
744,"i want to use bootstrap in the process of developing ,",Capability
745,support gets fewer easily answered questions,Soft-goal
746,i am up on all the latest happenings,Soft-goal
747,"i want to see scholarship information that is relevant to my status ,",Capability
748,"i want to link my email account to my profile ,",Capability
749,i can adjust my hours and/or upgrade equipment and capacity in order to be able to accomodate larger amounts of recyclable materials,Capability
750,i want to be planning my schedule all semester,Task
751,i'm not confused about who last updated a submission,Soft-goal
752,i can associate it to the child parcel and address after the condominiums are recorded in the system,Capability
753,"i want to read current news on the home page ,",Capability
754,i can upload or delete stuff step by step,Capability
755,"i want to process the requests for zoning information ,",Capability
756,i can use color to see at a glance the different categories of things i have to do,Capability
757,i can validate stakeholder ui improvement requests,Capability
758,"i want fabs deployed into production ,",Capability
759,i can get more granular views on the data,Capability
760,i can fix things the original author hasn't,Capability
761,i can increase information accuracy,Soft-goal
762,"i want to have a prominent area on the home page where i can put special announcements not necessarily news or articles ,",Capability
763,others can use that information,Soft-goal
764,"i only want zero - padded fields ,",Capability
765,i like to have things color coded,Capability
766,i want to be able to include a large number of flexfields without performance impact,Capability
767,"i want to post a help wanted ad ,",Capability
768,i can plan ahead,Task
769,i can answer any questions about my recycling center,Hard-goal
770,"i want to pay an annual fee ,",Task
771,i want to update the fabs sample file to remove fundingagencycode after fabs is updated to no longer require the header,Capability
772,i can provide formal communication to the responsible party,Capability
773,i want to get paid in a secured way,Capability
774,i get them done on time and don't forget any of them,Hard-goal
775,i can ensure i can take the classes i need to graduate,Capability
776,i can know the time of leaving,Hard-goal
777,i can identify any outliers or possible problems,Capability
778,"i want to make it easy to prove that our published data is valid ,",Soft-goal
779,"i want to request preapplication assistance ,",Capability
780,i can renew my membership,Capability
781,i can get a quick preview of the data,Soft-goal
782,"i want to generate planning - related reports ,",Capability
783,"i want to review the code modifications submitted by the applicant ,",Capability
784,i need to define the amount and the driver,Capability
785,"i want to set the annual fees for members , practitioners and trainers ,",Capability
786,i want to receive notifications from bearfacts ( in calcentral ),Capability
787,"i want to approve each help wanted ad before it gets to the site ,",Capability
788,i can allow progression through the workflow or other actions in the system now that the issue has been resolved,Capability
789,"i want to have read - only access to dabs ,",Capability
790,"i want to be able to download a csv of the data that is used in any visualisation i am viewing ,",Capability
791,"i want to create an inspection ,",Capability
